Facility Number,Facility Name,Facility Type,Better Beginnings,Address,County,Director,Owner,Phone,Email Address,Website Address,Total Allowed Capacity,Voucher Participant,CACFP Facility,ABC Facility
30498,Creative Kids Child Care,Licensed Child Care Family Home,Level 6,"121 Alabama Dr, Jacksonville, AR, 72076-1002",Pulaski,,Malissa Kaye,(501) 988-9609,stevenkaye2004@msn.com,,6,FALSE,FALSE,FALSE
26615,Episcopal Collegiate School,Child Care Center,Level 6,"1701 Cantrell Road, Little Rock, AR, 72201",Pulaski,Catherine Schuhmacher,Episcopal Collegiate School,(501) 372-1194,cschuhmacher@episcopalcollegiate.org,,90,FALSE,FALSE,FALSE
25368,Chenal Valley-Mont,Child Care Center,Level 6,"14929 Cantrell Rd, Little Rock, AR, 72223-4255",Pulaski,Shelby Crowson,Dorothy Moffett,(501) 868-6030,chenalvalleymontessori@yahoo.com,,84,TRUE,FALSE,FALSE
22826,Pre-K PCSSD Sylvan Hills Elementary,Child Care Center,Level 6,"402 Dee Jay Hudson Dr, Sherwood, AR, 72120-2302",Pulaski,Nikki Stolzer,Pulaski County Special School District,(501) 833-1140,nstolzer3086@pcssd.org,,26,FALSE,TRUE,TRUE
8561,Pre-K PCSSD Clinton Elementary,Child Care Center,Level 6,"142 Hollywood Ave, Sherwood, AR, 72120-4162",Pulaski,Nikki Stolzer,Pulaski County Special School District,(501) 833-1200,nstolzer3086@pcssd.org,,143,FALSE,FALSE,TRUE
7780,Our House Children's Programs,Child Care Center,Level 6,"302 E Roosevelt Rd Building 9, Little Rock, AR, 72206-2304",Pulaski,Leslie Manchester Harber,Our House Inc.,(501) 374-7383,leslie.harber@ourhouseshelter.org,,577,TRUE,TRUE,TRUE
1637,Second Presbyterian Preschool,Child Care Center,Level 6,"600 Pleasant Valley Dr, Little Rock, AR, 72227-2149",Pulaski,Jamie Holstead,Second Presbyterianpreschool Church Inc.,(501) 227-6034,jamie@spplr.org,www.spplr.org,345,FALSE,FALSE,FALSE
490,Rockefeller Early Childhood Education Program,Child Care Center,Level 6,"700 E 17th St, Little Rock, AR, 72206-1606",Pulaski,Esther Jones,Little Rock School Board,(501) 447-6202,ann.freeman@lrsd.org,,366,TRUE,TRUE,TRUE
48046,DREAM Early Childhood & Afterschool Academy,Child Care Center,Level 5,"8324 AR-107 Building B, Sherwood, AR, 72120",Pulaski,"Javonne ""Jody"" Abernathy",D.R.E.A.M.,(501) 414-9503,dreamnlr@yahoo.com,dreamarkansas.org,309,TRUE,FALSE,TRUE
35414,Leap Forward CDC 2,Child Care Center,Level 5,"3801 JFK Blvd, North Little Rock, AR, 72116",Pulaski,LaAngela Medley,Leap Forward CDC,(501) 747-1048,leap.forward@yahoo.com,,55,TRUE,TRUE,TRUE
31368,Ministry of Intercession,Out of School Time,Level 5,"3409 Baseline Rd, Little Rock, AR, 72209-5505",Pulaski,Carolyn Wilkerson,Ronald Wilkerson - Ministry of Intercession,(501) 565-0100,missycarolyn01@att.net,,258,FALSE,FALSE,FALSE
31220,Adam's Clubhouse-Quality Care for Special Needs Children,Out of School Time,Level 5,"880 N Redmond Rd, Jacksonville, AR, 72076-3672",Pulaski,Renee Green,"Adam's Clubhouse - Quality Care for Special Needs Children, Inc.",(501) 982-2326,rgreen.adamsclubhouse@gmail.com,www.AdamsClubhouse.org,36,TRUE,FALSE,FALSE
29662,Little Rock School District Early Childhood / Geyer Springs,Child Care Center,Level 5,"5240 Mabelvale Pike, Little Rock, AR, 72209",Pulaski,Charlotte Cornice,Little Rock School Board,(501) 447-4802,esther.jones@lrsd.org,,304,TRUE,FALSE,TRUE
27275,Little Rock School District Fulbright Elementary Pre-K,Child Care Center,Level 5,"300 Pleasant Valley Dr, Little Rock, AR, 72212-3158",Pulaski,Andreia Crawford,Little Rock School Board,(501) 447-4702,esther.jones@lrsd.org,,60,TRUE,FALSE,TRUE
25813,Pre-K Lawson Elementary,Child Care Center,Level 5,"19901 Lawson Rd, Little Rock, AR, 72210-4876",Pulaski,Nikki Stolzer,Pulaski County Special School District,(501) 821-7000,nstolzer3086@pcssd.org,www.prssd.org,40,FALSE,FALSE,TRUE
23211,Emmanuel Covenant Community Development Corporation,Child Care Center,Level 5,"6012 General Samuels Road, Jacksonville, AR, 72076",Pulaski,Lashan Hall,Emmanuel Covenant Community Development,(501) 834-3610,emmanuellearningctr@yahoo.com,,81,TRUE,TRUE,TRUE
21174,Landmark Elementary School,Child Care Center,Level 5,"16712 Arch Street Pike, Little Rock, AR, 72206-6157",Pulaski,Nikki Stolzer,Pulaski County Special School District,(501) 888-8790,nstolzer3086@pcssd.org,,83,FALSE,TRUE,TRUE
15301,Stephens Elementary,Child Care Center,Level 5,"3700 West 18th Street, Little Rock, AR, 72204",Pulaski,Esther Jones,Little Rock School Board,(501) 447-6402,esther.jones@lrsd.org,,78,TRUE,TRUE,TRUE
14543,Forest Park Elementary,Child Care Center,Level 5,"1600 North Tyler, Little Rock, AR, 72207",Pulaski,Esther Jones,Little Rock School Board,(501) 447-4502,esther.jones@lrsd.org,,21,TRUE,TRUE,TRUE
10956,Chicot Elementary Pre-K Program,Child Care Center,Level 5,"11100 Chicot Road, Mabelvale, AR, 72103",Pulaski,Esther Jones,Little Rock School Board,(501) 447-4102,esther.jones@lrsd.org,,287,TRUE,TRUE,TRUE
7655,Romine Early Childhood Pre-K,Child Care Center,Level 5,"3400 Romine Road, Little Rock, AR, 72204",Pulaski,Esther Jones,Little Rock School Board,(501) 447-6302,esther.jones@lrsd.org,,270,TRUE,TRUE,TRUE
7579,Boone Park Elementary Pre-K Program,Child Care Center,Level 5,"1400 Crutcher St, North Little Rock, AR, 72114-3909",Pulaski,Maribel Siems,North Little Rock School District,(501) 340-5160,siemsm@nlrsd.org,,60,TRUE,TRUE,TRUE
6550,Oak Grove Elementary School,Child Care Center,Level 5,"5703 Oak Grove Rd, North Little Rock, AR, 72118-1988",Pulaski,Nikki Stolzer,Pulaski County Special School District,(501) 851-5370,nstolzer3086@pcssd.org,,46,FALSE,TRUE,TRUE
2001,Fair Park Elementary Pre-K,Child Care Center,Level 5,"616 North Harrison Street, Little Rock, AR, 72205",Pulaski,Judy Milam,Little Rock School Board,(501) 447-4402,esther.jones@lrsd.org,,217,TRUE,TRUE,TRUE
36383,Life Skills for Youth Inc,Out of School Time,Level 4,"13000 West Baseline, Little Rock, AR, 72209",Pulaski,Eloise Propps,Life Skills For Youth Inc,(501) 517-2755,coachclarklsy@gmail.com,www.lifeskillsforyouth.org,158,TRUE,FALSE,FALSE
36040,Lovely Sunshine Learning Center LR LCC,Child Care Center,Level 4,"6800 Baseline Rd, Little Rock, AR, 72209",Pulaski,Leticia Rodriguez,Lovely Sunshine Learning Center LR LLC,(501) 661-9291,lrodriguez@lovelysunshine.org,Facebook Page (Lovely Sunshine Learning Center -Little Rock),71,TRUE,TRUE,FALSE
31372,UAMS Pulaski Tech Head Start,Child Care Center,Level 4,"8901 Kanis Rd, Little Rock, AR, 72205-6413",Pulaski,Shenita Shephard,UAMS DEPARTMENT OF PEDIATRICS,(501) 570-5000,jford2@uams.edu,,234,FALSE,TRUE,FALSE
31009,Little Sprouts Learning Center,Child Care Center,Level 4,"6701 Geyer Springs Rd, Little Rock, AR, 72209-2723",Pulaski,Tamara Fowler,Little Sprouts Learning Center LLC,(501) 562-9132,littlesprouts802@gmail.com,,187,TRUE,TRUE,FALSE
30526,Baker Elementary School Pre-K,Child Care Center,Level 4,"15001 Kanis Rd, Little Rock, AR, 72223-4929",Pulaski,Nikki Stolzer,Pulaski County Special School District,(501) 228-3250,nstolzer3086@pcssd.org,pcssd.org,20,FALSE,FALSE,TRUE
30433,Adkins Pre K Center,Child Care Center,Level 4,"500 Cloverdale Rd, Jacksonville, AR, 72076-5614",Pulaski,Christen Bradford,Jacksonville North Pulaski School District (JNPSD),(501) 982-3117,cbradford@jnpsd.org,,281,FALSE,FALSE,TRUE
30064,Ferncliff Camp and Conference Center Summer Program,Out of School Time,Level 4,"1720 Ferncliff Rd, Little Rock, AR, 72223-9404",Pulaski,Ruth Arnold,FERNCLIFF Camp and Conference Center,(501) 821-3063,jocelyn@ferncliff.org,www.ferncliff.org,428,FALSE,FALSE,FALSE
29468,Aftercare Express at Lakewood UMC,Out of School Time,Level 4,"1922 TOPF ROAD, NORTH LITTLE ROCK, AR, 72116",Pulaski,Sarah Ables,Aftercare Express at Lakewood UMC,(501) 753-3085,sables@expandingthelight.org,expandingthelight.org/ace,376,TRUE,FALSE,FALSE
28960,Pre-K Harris Elementary,Child Care Center,Level 4,"4424 AR-161 N, North Little Rock, AR, 72117-2728",Pulaski,Nikki Stolzer,Pulaski County Special School District,(501) 955-3550,nstolzer3086@pcssd.org,pcssd.org,30,FALSE,FALSE,TRUE
27428,"Kidz Zone Learning Center, Inc.",Child Care Center,Level 4,"1410 Daisy Bates, Little Rock, AR, 72202",Pulaski,Altonia Brown,Kidz Zone Learning Center Inc,(501) 660-6699,ttereill12@gmail.com,,117,TRUE,TRUE,FALSE
26788,Nana's Learning Center,Licensed Child Care Family Home,Level 4,"914 W Roosevelt Rd, Little Rock, AR, 72206-2041",Pulaski,Teresa Slay,Teresa Slay,(501) 749-6939,teresa.slay@yahoo.com,,10,TRUE,TRUE,FALSE
24258,Gibbs Elementary,Child Care Center,Level 4,"1115 West 16th Street, Little Rock, AR, 72202",Pulaski,Esther Jones,Little Rock School Board,(501) 447-4902,esther.jones@lrsd.org,,27,TRUE,TRUE,TRUE
22825,Pre-K PCSSD Oakbrooke Elementary,Child Care Center,Level 4,"2200 Thornhill Dr, Sherwood, AR, 72120-3161",Pulaski,Nikki Stolzer,Pulaski County Special School District,(501) 833-1190,nstolzer3086@pcssd.org,,54,FALSE,TRUE,TRUE
22824,PCSSD Cato Elementary,Child Care Center,Level 4,"9906 Jacksonville-Cato Rd, Sherwood, AR, 72120-1950",Pulaski,Tracie Mitchell,Pulaski County Special School District,(501) 833-1160,nstolzer3086@pcssd.org,,60,FALSE,TRUE,TRUE
22820,Pre- K Robinson Elementary,Child Care Center,Level 4,"21600 AR-10, Little Rock, AR, 72223",Pulaski,Nikki Stolzer,Pulaski County Special School District,(501) 868-2420,nstolzer3086@pcssd.org,,51,FALSE,TRUE,TRUE
22501,North Little Rock 6 Academy of Agricultural and Veterinary Sciences,Child Care Center,Level 4,"1200 Bishop Lindsey Ave, North Little Rock, AR, 72114-4974",Pulaski,Maribel Siems,North Little Rock School District,(501) 340-5170,siemsm@nlrsd.org,,80,TRUE,TRUE,TRUE
21181,In A Childs World,Child Care Center,Level 4,"9420 Chicot Road, Little Rock, AR, 72209",Pulaski,La Cretia Bruce,Ruben Day,(501) 570-0057,lacretiabruce@gmail.com,,43,TRUE,TRUE,FALSE
21175,Pre-K Daisy Bates Elementary School,Child Care Center,Level 4,"14300 Dineen Dr, Little Rock, AR, 72206-5820",Pulaski,Nikki Stolzer,Pulaski County Special School District,(501) 897-7271,nstolzer3086@pcssd.org,,72,FALSE,TRUE,TRUE
15656,UAMS Metro Headstart,Child Care Center,Level 4,"7701 Scott Hamilton Dr, Little Rock, AR, 72209-5463",Pulaski,Michael Ghiendoni,UAMS DEPARTMENT OF PEDIATRICS,(501) 447-1243,ccartwright2@uams.edu,,63,FALSE,TRUE,FALSE
6576,Grace Lutheran Early Childhood Center,Child Care Center,Level 4,"5124 Hillcrest Ave, Little Rock, AR, 72205-1802",Pulaski,Kelly Moore,Grace Lutheran Church,(501) 663-0755,ecdc@gracelutheranlr.org,gracelutheranlr.org,138,FALSE,FALSE,FALSE
6175,Christ Little Rock Early Childhood,Child Care Center,Level 4,"315 S Hughes St, Little Rock, AR, 72205-5128",Pulaski,Brenda Porter,Christ Lutheran Church,(501) 663-5212,bporter@christlittlerock.com,www.christlittlerockschool.com,339,TRUE,FALSE,FALSE
2032,Martin Luther King Jr. Elementary Pre-K,Child Care Center,Level 4,"907 Martin Luther King Drive, Little Rock, AR, 72202",Pulaski,Esther Jones,Little Rock School Board,(501) 447-5102,esther.jones@lrsd.org,,120,TRUE,TRUE,TRUE
54739,YMCA Child Development Center North Little Rock,Child Care Center,Level 3,"3335 Springhill Drive, North Little Rock, AR, 72117",Pulaski,Janice Stivers,YMCA of Memphis & The Mid South,(501) 607-7045,elc.northlittlerock@ymcamemphis.org,,94,TRUE,FALSE,FALSE
54445,YMCA Child Development Center at Little Rock,Child Care Center,Level 3,"10324 Kanis Rd, Little Rock, AR, 72205-6206",Pulaski,Carla Redmon,YMCA of Memphis & The Mid South,(501) 607-6532,elc.littlerock@ymcamemphis.org,,202,TRUE,FALSE,FALSE
54139,Western Hills Elementary CARE,Out of School Time,Level 3,"4901 Western Hills Avenue, Little Rock, AR, 72204",Pulaski,AnDreia Crawford,Little Rock School District,(501) 447-1880,andreia.crawford@lrsd.org,,36,TRUE,FALSE,FALSE
53255,Darnall School,Child Care Center,Level 3,"1816 Hinson Loop Rd, Little Rock, AR, 72212-3902",Pulaski,Tiffany Stanton,MNY LEARNING CENTER LLC,(501) 225-4462,director@darnallschool.com,https://darnallschool.com/,122,TRUE,FALSE,FALSE
52980,"Youth Institute Academy, INC",Child Care Center,Level 3,"3918 Jones Street, Little Rock, AR, 72206",Pulaski,Loretta Watson,"Youth Institute Academy, INC",(501) 298-5564,doyneregina@gmail.com,youthinstitutecs.com,81,TRUE,FALSE,FALSE
52790,Childcare Network #191,Child Care Center,Level 3,"10700 Kanis Road, Little Rock, AR, 72211",Pulaski,Marsha Humbert,Child Development Schools Arkansas LLC,(501) 223-6990,cni191@childcarenetwork.com,,139,TRUE,FALSE,FALSE
52789,Childcare Network #269,Child Care Center,Level 3,"104 Country Club Parkway, Maumelle, AR, 72113",Pulaski,Ricki Corder,Child Development Schools Arkansas LLC,(501) 391-1600,cni269@childcarenetwork.com,,29,TRUE,FALSE,FALSE
52788,Childcare Network #205,Child Care Center,Level 3,"306 North Shackleford Road, Little Rock, AR, 72211",Pulaski,Kashia Clark,Child Development Schools Arkansas LLC,(501) 224-0978,cni205@childcarenetwork.com,,110,TRUE,FALSE,FALSE
52785,Childcare Network #190,Child Care Center,Level 3,"800 Kirk Road, Little Rock, AR, 72223",Pulaski,Destinie Otey,Child Development Schools Arkansas LLC,(501) 821-0006,cni190@childcarenetwork.com,,144,TRUE,FALSE,FALSE
51563,Butterfly Academy,Child Care Center,Level 3,"2615 West 16th Street, Central High Historic District, Little Rock, AR, 72202",Pulaski,Alexandria Bunger,A Bunger Baby Daycare,(501) 916-2353,abungerbaby@gmail.com,https://www.abungerbabydaycare.com,40,TRUE,FALSE,FALSE
48568,Marneicias Love & Care Development Center,Child Care Center,Level 3,"8501 Geyer Springs Rd, Little Rock, AR, 72209-4949",Pulaski,Marneicia Clay,Marneicias Love & Care Development Center,(501) 747-1077,marneicias@gmail.com,,30,TRUE,FALSE,FALSE
47102,The House of Harmony,Licensed Child Care Family Home,Level 3,"513 Thayer, Little Rock, AR, 72205",Pulaski,Latarsha Epperson,The House of Harmoy,(501) 563-4147,latarshaepperson75@gmail.com,,16,TRUE,FALSE,FALSE
46112,Wonderful Beginnings Learning Center LLC,Child Care Center,Level 3,"6401 Colonel Glenn Rd, Little Rock, AR, 72204-7513",Pulaski,Andrea Williams,Wonderful Beginnings Learning Center LLC,(501) 516-0203,wonderfulbeginningslc@yahoo.com,,53,TRUE,FALSE,FALSE
46079,UAMS Head Start Little Learner,Child Care Center,Level 3,"1500 Pershing Blv, North Little Rock, AR, 72114",Pulaski,Tyra Larkin,UAMS Head Start,(501) 590-7522,jford2@uams.edu,headstart.UAMS.edu,68,FALSE,FALSE,FALSE
45898,Janna's Little Angels #2,Child Care Center,Level 3,"5615 Geyer Springs Rd, Little Rock, AR, 72209-1812",Pulaski,Lanna Harton,Janna's Little Angels LLC,(501) 246-0620,lannaharton@yahoo.com,,191,TRUE,FALSE,FALSE
31428,Easterseals Arkansas,Early Intervention Day Treatment (EIDT),Level 3,"1617 Brookwood Dr, Little Rock, AR, 72202-1703",Pulaski,Karye Brockert,EASTERSEALS ARKANSAS,(501) 663-6965,kbrockert@eastersealsar.com,WWW.EASTERSEALSAR.COM,200,TRUE,FALSE,FALSE
30478,Kid Success LLC DBA Pediatrics Plus Developmental Preschool,Early Intervention Day Treatment (EIDT),Level 3,"1540 Country Club Rd, Sherwood, AR, 72120-5095",Pulaski,Jessica Myers,KIDS SUCCESS INC PEDIATRICS PLUS DEV PRESCHOOL,(501) 753-5459,dhscompliance@pediatricsplus.com,,218,TRUE,TRUE,FALSE
29929,ARCHILD Inc.,Early Intervention Day Treatment (EIDT),Level 3,"7723 Colonel Glenn Rd, Little Rock, AR, 72204-7503",Pulaski,Marti Dush,"ARCHILD, INC.",(501) 280-9195,mdush@archildschool.com,,179,TRUE,TRUE,FALSE
26670,Pathfinder Preschool,Early Intervention Day Treatment (EIDT),Level 3,"2400 W Main St, Jacksonville, AR, 72076-4212",Pulaski,Debbie Scharbor,"PATHFINDER, INC.",(501) 982-4578,mary.ritchie@pathfinderinc.org,www.pathfinderinc.org,243,FALSE,TRUE,FALSE
8675,Easterseals Arkansas,Early Intervention Day Treatment (EIDT),Level 3,"3920 WOODLAND HEIGHTS, Little Rock, AR, 72212-2495",Pulaski,Ashlee DuPriest,EASTERSEALS ARKANSAS,(501) 227-3600,adupriest@eastersealsar.com,WWW.EASTERSEALSAR.COM,157,TRUE,FALSE,FALSE
38330,Excellence Learning Academy,Child Care Center,Level 3,"109 N Jeff Davis Ave, Jacksonville, AR, 72076-4019",Pulaski,Ebonee Harrison,Excellence Learning Academy,(501) 241-0968,bhardfield@elajax.org,elajax.org,49,TRUE,FALSE,FALSE
38152,Beginning Adventures Childcare,Child Care Center,Level 3,"101 N Elm St, Jacksonville, AR, 72076-4606",Pulaski,Diane Pitts,Beginning Adventures Childcare LLC,(501) 241-0651,b_adventures@yahoo.com,,164,TRUE,FALSE,FALSE
37737,Carmell's Learning Center LLC,Child Care Center,Level 3,"2000 Fendley Drive, North Little Rock, AR, 72114",Pulaski,Carmell Boyd,Carmell's Learning Center LLC,(501) 541-4305,carmell.boyd@gmail.com,,168,TRUE,TRUE,FALSE
36649,Deta Freshstart Academy LLC,Child Care Center,Level 3,"6401 W 32nd Street, Little Rock, AR, 72204",Pulaski,Donald Howard,Deta Freshstart Academy LLC,(501) 256-2009,donald_howard42@yahoo.com,,135,TRUE,FALSE,FALSE
36547,That After School Place LLC,Out of School Time,Level 3,"8609 W Markham Suite E, Little Rock, AR, 72205",Pulaski,Katrina Bryant,That After School Place LLC,(501) 749-6879,thatafterschoolplace@gmail.com,,76,TRUE,TRUE,FALSE
35720,Kiddie Town Learning Center,Licensed Child Care Family Home,Level 3,"6022 Hinkson Rd, Little Rock, AR, 72209-4706",Pulaski,Janice Hinton,Janice Hinton,(501) 519-6304,jhinton71@yahoo.com,,16,TRUE,TRUE,FALSE
35533,The Goddard School,Child Care Center,Level 3,"15100 Chenal Pkwy, Little Rock, AR, 72211",Pulaski,Abby Carter,BC Marshall Childcare LLC Goddard School,(501) 367-7200,littlerockar@goddardschools.com,,149,FALSE,FALSE,FALSE
31301,Bright Beginnings Childcare Center II,Child Care Center,Level 3,"200 W 20th St, North Little Rock, AR, 72114-2812",Pulaski,Toneisha Harper,Bright Beginnings Child Care Center Inc.,(501) 771-0114,bbcccnlr@sbcglobal.net,,145,TRUE,TRUE,TRUE
31268,Tender Hearts Learning Center,Child Care Center,Level 3,"4124 W 11th St, Little Rock, AR, 72204-2008",Pulaski,Rosalind Lewis,Rosalind Lewis,(501) 308-4153,harrisrosalind47@yahoo.com,,28,TRUE,TRUE,FALSE
30982,King's Kids Academy-Mabelvale LLC,Child Care Center,Level 3,"10600 Train Station Dr, Mabelvale, AR, 72103-1644",Pulaski,Lisa Boyd,Kings Kids Academy Mabelvale LLC,(501) 565-5437,kingskidsacademy1@yahoo.com,,122,TRUE,TRUE,FALSE
30919,Treehouse Children's Learning Center,Child Care Center,Level 3,"901 Parker St, North Little Rock, AR, 72114-4546",Pulaski,Edward Loney,Eddie Loney,(501) 374-2611,treehouseclc.nlr@gmail.com,,169,TRUE,TRUE,FALSE
30819,UAMS St. Augustine Head Start,Child Care Center,Level 3,"1410 E 2nd St, North Little Rock, AR, 72114-5927",Pulaski,Tamiko Thomas,UAMS DEPARTMENT OF PEDIATRICS,(501) 526-8049,tmlarkin@uams.edu,,98,FALSE,TRUE,FALSE
30631,Small Wonders Academy,Child Care Center,Level 3,"1920 S Broadway St, Little Rock, AR, 72206-1352",Pulaski,LaQuisha Lindsey,La Quisha Lindsey,(501) 420-1684,laquisha.lindsey@yahoo.com,,75,TRUE,TRUE,FALSE
30568,Building A Better World Child Development Center,Child Care Center,Level 3,"1701 North Mississippi Street, Little Rock, AR, 72207",Pulaski,Angela Key,Building A Better World CDC,(501) 349-5310,keyangela38@yahoo.com,,73,TRUE,TRUE,FALSE
30435,Bayou Meto Elementary School,Child Care Center,Level 3,"25701 AR 107 Jax, Jacksonville, AR, 72076",Pulaski,Chisten Bradford,Jacksonville North Pulaski School District (JNPSD),(501) 988-4131,cbradford@jnpsd.org,,67,FALSE,FALSE,TRUE
29964,"Kid to Kid 1 Child Development Center, Inc.",Child Care Center,Level 3,"213 W Main St, Jacksonville, AR, 72076-4504",Pulaski,Laqueta James,Kid To Kid 2 Child Development Center Inc,(501) 914-0713,kidtokid2cdc@gmail.com,,50,TRUE,TRUE,FALSE
29830,Glenview Elementary Pre-K,Child Care Center,Level 3,"4901 E 19th St, North Little Rock, AR, 72117-3943",Pulaski,Maribel Siems,North Little Rock School District,(501) 955-3630,siemsm@nlrsd.org,,100,TRUE,TRUE,TRUE
29655,Gertrude Remmel Butler Methodist CDC Inc.,Child Care Center,Level 3,"324 W 8th St, Little Rock, AR, 72201-4304",Pulaski,Somer Spencer,GERTRUDE REMMEL BUTLER METHODIST CDC INC.,(501) 372-2327,rebecca@childdevelopmentcenterlr.com,,414,TRUE,TRUE,FALSE
29466,Amboy Elementary Pre-K,Child Care Center,Level 3,"101 Auburn Dr, North Little Rock, AR, 72118-2711",Pulaski,Maribel Siems,North Little Rock School District,(501) 771-8185,siemsm@nlrsd.org,,40,TRUE,TRUE,TRUE
29463,Arkansas Early Learning Inc. North Little Rock Center,Child Care Center,Level 3,"8000 Industry Drive, North Little Rock, AR, 72116",Pulaski,Arcola Gaston,ARKANSAS EARLY LEARNING INC,(870) 931-1172,agaston@arearlylearning.org,,60,FALSE,TRUE,FALSE
29289,First Steps Child Development Center #2,Child Care Center,Level 3,"207 Steed Road, North Little Rock, AR, 72117",Pulaski,April Carruth,First Steps Child Development Center Llc,(501) 945-2100,1firstlady6058@gmail.com,,94,TRUE,TRUE,FALSE
29105,Ms. Carries Day School,Child Care Center,Level 3,"1824 N Mississippi St, Little Rock, AR, 72207-4035",Pulaski,Emily Hillis,Emily Hillis,(501) 225-4800,hillisemily@yahoo.com,,92,TRUE,TRUE,FALSE
28644,Little Scholars Academy of Maumelle (East),Child Care Center,Level 3,"10910 Maumelle Blvd, Maumelle, AR, 72113-6629",Pulaski,Dominique Wilson,Little Scholars Academy LLC,(501) 803-0300,wwdominique@gmail.com,,189,TRUE,TRUE,TRUE
28565,DREAM Infant & Toddler Development Center,Child Care Center,Level 3,"11 Shelby Rd, Sherwood, AR, 72120-3197",Pulaski,Jody Abernathy,D R E A M,(501) 835-3274,dreamnlr@yahoo.com,dreamarkansas.org,67,TRUE,TRUE,FALSE
28523,Bumble Bee Academy,Child Care Center,Level 3,"8800 Brockington Road, Sherwood, AR, 72120",Pulaski,Autumn Davis,Bumble Bee Academy,(501) 273-5947,bumblebeeacademy@aol.com,,72,TRUE,TRUE,FALSE
28118,Family Development Center,Child Care Center,Level 3,"2725 West 12th Street, Little Rock, AR, 72204",Pulaski,Ashley Bozeman,Family Development Center,(501) 661-4001,fdc7527@yahoo.com,,42,TRUE,FALSE,FALSE
27488,Savvy Kids Learning Center Inc.,Child Care Center,Level 3,"3200 S Bryant St, Little Rock, AR, 72204-5924",Pulaski,Lynette Lemons,Lynette Lemons,(501) 562-3600,savvykidslearningcenter@gmail.com,,78,TRUE,TRUE,FALSE
27349,Chicot Head Start,Child Care Center,Level 3,"7703 DEPRIEST, Little Rock, AR, 72103",Pulaski,Tamiko Thomas,UAMS DEPARTMENT OF PEDIATRICS,(501) 526-7272,ccartwright2@uams.edu,,47,FALSE,TRUE,FALSE
27033,Little Scholars Academy Of Maumelle West Campus,Child Care Center,Level 3,"112 Audubon Dr, Maumelle, AR, 72113",Pulaski,Maria Alvis,Little Scholars Academy LLC,(501) 851-0333,wwdominique@gmail.com,,127,TRUE,TRUE,FALSE
25685,First Steps Child Development Center,Child Care Center,Level 3,"8215 Geyer Spring, Little Rock, AR, 72209",Pulaski,Irene Carruth,First Steps Child Development Center Llc,(501) 562-2500,iscarruth1957@yahoo.com,tlcpastor1@yahoo.com,46,TRUE,TRUE,FALSE
25356,College Station Pre-K,Child Care Center,Level 3,"4424 Highway 161 North, North Little Rock, AR, 72117",Pulaski,Nikki Stolzer,Pulaski County Special School District,(501) 490-5750,nstolzer3086@pcssd.org,,18,FALSE,TRUE,TRUE
25223,Meadow Park Elementary,Child Care Center,Level 3,"801 E Bethany Rd, North Little Rock, AR, 72117-3527",Pulaski,April McKinley,North Little Rock School District,(501) 955-3620,siemsm@nlrsd.org,,60,TRUE,TRUE,TRUE
24044,Pre-K Sherwood Elementary School,Child Care Center,Level 3,"307 Verona Ave, Sherwood, AR, 72120-5559",Pulaski,Nikki Stolzer,Pulaski County Special School District,(501) 833-1150,nstolzer3086@pcssd.org,,70,FALSE,TRUE,TRUE
23620,Pike View Early Childhood Center,Child Care Center,Level 3,"441 McCain Blvd, North Little Rock, AR, 72116-7112",Pulaski,Maribel Siems,North Little Rock School District,(501) 771-8170,siemsm@nlrsd.org,,458,TRUE,TRUE,TRUE
23121,Child Enrichment Center,Child Care Center,Level 3,"6 Children's Way, Little Rock, AR, 72202",Pulaski,Kim Daniels,Arkansas Childrens Hospital,(501) 364-3566,tatek2@archildrens.org,,336,TRUE,TRUE,FALSE
22950,Huda Academy,Child Care Center,Level 3,"3221 Anna St, Little Rock, AR, 72204-6132",Pulaski,Regaysha Shelton,Huda Academy,(501) 565-3555,principal@thehudaacademy.org,,86,TRUE,FALSE,FALSE
22444,Marvelous Kids Child Care Inc,Child Care Center,Level 3,"5804 Young Road, Little Rock, AR, 72209",Pulaski,Alice Bell,Marvelous Kids Child Care Inc,(501) 522-5563,marvkidz1@hotmail.com,,38,TRUE,TRUE,FALSE
22248,Lil Treasures Learning Academy,Child Care Center,Level 3,"8500 Indianhead Drive, Sherwood, AR, 72120",Pulaski,Kamela King,Lil Treasures Learning Academy Inc,(501) 834-8828,liltreaures@gmail.com,www.ltla.cc,162,TRUE,TRUE,FALSE
22063,Lake Point Kiddie Cottage,Child Care Center,Level 3,"1 Lake Pointe Dr, Maumelle, AR, 72113-6231",Pulaski,Dixie Whitney,Lake Point Kiddie Cottage Llc,(501) 851-3343,lpkids@att.net,,124,TRUE,TRUE,FALSE
21697,London Bridges Child Care Center Inc.,Child Care Center,Level 3,"305 East 50th Street, North Little Rock, AR, 72117",Pulaski,Johnnie Bridges,London Bridges Child Care Inc.,(501) 945-0297,preacherman1@aol.com,,115,TRUE,TRUE,TRUE
21579,Sylvan Hills Learning Center Inc,Child Care Center,Level 3,"10023 AR-107, Sherwood, AR, 72120-2444",Pulaski,Heather Blake-Stovall,Sylvan Hills Learning Center Inc.,(501) 835-9307,shlcdirector@yahoo.com,,99,TRUE,TRUE,FALSE
15117,Kareer Kids CDC,Child Care Center,Level 3,"1912 McArthur Dr, Jacksonville, AR, 72076-2453",Pulaski,Kristy Brown,Caraco Inc,(501) 985-2715,kristy@kareer-kids.com,,24,TRUE,TRUE,TRUE
13521,Kennedy Headstart,Child Care Center,Level 3,"4901 W 65th St, Little Rock, AR, 72209-3838",Pulaski,Emogene Moore,UAMS DEPARTMENT OF PEDIATRICS,(501) 565-6533,ccartwright2@uams.edu,,73,FALSE,TRUE,FALSE
8015,Trinity Methodist Preschool,Child Care Center,Level 3,"1101 North Mississippi, Little Rock, AR, 72207",Pulaski,Cindy Chenault,Trinity United Church,(501) 666-2815,trinitypreschool@tumclr.org,tumclr.org,126,FALSE,FALSE,FALSE
7366,Quality Child Care Inc,Child Care Center,Level 3,"4218 S University Ave, Little Rock, AR, 72204-7841",Pulaski,Beth Flippo,"Quality Child Care, LLC",(501) 562-5800,veronica@qualitychildcareinc.com,qualitychildcareinc.com,115,TRUE,TRUE,TRUE
6563,Pre-K Crystal Hill Elementary School,Child Care Center,Level 3,"5001 Northshore Dr, North Little Rock, AR, 72118-5294",Pulaski,Nikki Stolzer,Pulaski County Special School District,(501) 791-8000,nstolzer3086@pcssd.org,,45,FALSE,TRUE,TRUE
6302,St. James Learning Center,Child Care Center,Level 3,"321 Pleasant Valley Dr, Little Rock, AR, 72212",Pulaski,Kathy Boehme,St James United Methodist Church,(501) 416-3342,ashley@stjameslr.org,stjameslr.org,176,FALSE,FALSE,FALSE
6294,Asbury Christian CDC,Child Care Center,Level 3,"1700 Napa Valley Dr, Little Rock, AR, 72212",Pulaski,Holly Clark,Asbury United Methodist Church,(501) 225-1511,accdcdir@asbury-lr.org,,151,FALSE,FALSE,FALSE
1893,Day School at First Church,Child Care Center,Level 3,"1201 Edgewood Dr, Maumelle, AR, 72113-6906",Pulaski,Yolanda Traylor,First United Methodist Church,(501) 851-2273,yolanda@fumcmaumelle.org,,80,FALSE,FALSE,FALSE
508,Childrens House Montessori,Child Care Center,Level 3,"4023 Lee Ave, Little Rock, AR, 72205-5549",Pulaski,Caroline Sorrows,Nancy Scott,(501) 664-5993,childrenshouse1973@gmail.com,,85,TRUE,FALSE,FALSE
56372,Blue Blossoms Academy,Child Care Center,Level 2,"6323 Colonel Glenn Rd unit 109, Little Rock, AR, 72204-7757",Pulaski,Jamie Thomas,Blue Blossoms Academy,(501) 500-2449,blueblossomsacademy@gmail.com,www.blueblossomsacademy.com,25,TRUE,FALSE,FALSE
56119,Elite Learning at LISA Academy North Middle High School,Out of School Time,Level 2,"1 Lisa Academy Way, North Little Rock, AR, 72117",Pulaski,Kendra Evans,Alpine Education Services dba Elite Learning,(281) 888-5233,arkansassupport@elitelearning.org,https://www.lisaacademy.org/schools,36,TRUE,FALSE,FALSE
56115,Elite Learning at LISA Academy North Elementary,Out of School Time,Level 2,"5410 Landers Road, North Little Rock, AR, 72117",Pulaski,Kendra Evans,Alpine Education Services dba Elite Learning,(281) 888-5233,arkansassupport@elitelearning.org,https://www.lisaacademy.org/schools,36,TRUE,FALSE,FALSE
55824,Twin City Development Center,Child Care Center,Level 2,"2501 N Poplar St, North Little Rock, AR, 72114-2327",Pulaski,Sabrina Rodgers,Twin City Development Center,(501) 960-9021,admin@twincitydevelopmentcenter.com,n/a,92,TRUE,FALSE,FALSE
55809,Easterseals Academy,Early Intervention Day Treatment (EIDT),Level 2,"11801 Fairview Rd, Little Rock, AR, 72212-2406",Pulaski,Amanda Griffin,Easterseals Arkansas,(501) 663-6965,agriffin@eastersealsar.com,http://www.eastersealsar.com,300,TRUE,FALSE,FALSE
55662,Little Angel's Childcare Center,Child Care Center,Level 2,"7619 Morris Dr, Little Rock, AR, 72209-7354",Pulaski,Felicia Evans,Little Angel's Childcare Center Inc.,(501) 246-4686,flebaby74@yahoo.com,,53,TRUE,FALSE,FALSE
54962,Exalt Early Learning Academy,Child Care Center,Level 2,"6111 West 83rd Street, Cloverdale, Little Rock, AR, 72209",Pulaski,Ashley McDonald,Exalt Academy of Southwest Little Rock,(501) 568-3279,admin@exaltacadamies.org,https://www.exaltacademies.org/?utm_source=cumulus&utm_medium=onlinepresence&utm_campaign=gbp,88,TRUE,FALSE,FALSE
54821,Busy Bee’s Learning Center,Child Care Center,Level 2,"3010 West Pratt Road, Little Rock, AR, 72206",Pulaski,Miesha Williams,Busy Bees Learning Center LLC,(501) 404-4744,busybeeslc2025@gmail.com,,26,TRUE,FALSE,FALSE
54683,Caring Hearts Childcare Center,Child Care Center,Level 2,"8635 Chicot Rd, Little Rock, AR, 72209-4445",Pulaski,Michelle Palmer,Caring Hearts Childcare Center LLC,(501) 351-2396,michellepalmer825@gmail.com,,44,TRUE,FALSE,FALSE
54531,Lolli & Pop's Childcare,Licensed Child Care Family Home,Level 2,"5023 Josephine St, Little Rock, AR, 72223-2074",Pulaski,Tabitha Christopher,Tabitha Christopher,(501) 541-0957,lollipops.childcare02@gmail.com,,5,TRUE,FALSE,FALSE
54338,Ganna’s House,Out of School Time,Level 2,"80 Westminister Drive, Wakefield, Little Rock, AR, 72209",Pulaski,Pamela Allen,"Ganna’s House, LLC",(501) 406-5273,gannashouse12@gmail.com,,91,TRUE,FALSE,FALSE
54156,Roberts Elementary CARE,Out of School Time,Level 2,"16601 Lamarche Drive, Little Rock, AR, 72223",Pulaski,AnDreia Crawford,Little Rock School District,(501) 447-1880,andreia.crawford@lrsd.org,,36,TRUE,FALSE,FALSE
54144,Washington Elementary CARE,Out of School Time,Level 2,"2700 S Main St, Little Rock, AR, 72206",Pulaski,AnDreia Crawford,Little Rock School District,(501) 447-1880,andreia.crawford@lrsd.org,,146,TRUE,FALSE,FALSE
54143,Terry Elementary CARE,Out of School Time,Level 2,"10800 Mara Lynn Road, Little Rock, AR, 72211",Pulaski,AnDreia Crawford,Little Rock School District,(501) 447-1880,andreia.crawford@lrsd.org,,24,TRUE,FALSE,FALSE
54136,Dr. Martin Luther King CARE,Out of School Time,Level 2,"905 Dr. Martin Luther King Jr. Drive, Little Rock, AR, 72202",Pulaski,AnDreia Crawford,Little Rock School District,(501) 447-1880,andreia.crawford@lrsd.org,,36,TRUE,FALSE,FALSE
54137,Jefferson Elementary CARE,Out of School Time,Level 2,"2600 North McKinley Street, Little Rock, AR, 72207",Pulaski,AnDreia Crawford,Little Rock School District,(501) 447-1880,andreia.crawford@lrsd.org,,36,TRUE,FALSE,FALSE
54134,McDermott Elementary CARE,Out of School Time,Level 2,"1200 Reservoir Road, Little Rock, AR, 72207",Pulaski,AnDreia Crawford,Little Rock School District,(501) 447-1880,andreia.crawford@lrsd.org,,24,TRUE,FALSE,FALSE
54133,Otter Creek Elementary CARE,Out of School Time,Level 2,"16000 Otter Creek Parkway, Little Rock, AR, 72210",Pulaski,AnDreia Crawford,Little Rock School District,(501) 447-1880,andreia.crawford@lrsd.org,,36,TRUE,FALSE,FALSE
54130,JA Fair K8 Prep Academy CARE,Out of School Time,Level 2,"13420 David O Dodd Road, Little Rock, AR, 72210",Pulaski,AnDreia Crawford,Little Rock School District,(501) 447-1880,andreia.crawford@lrsd.org,,36,TRUE,FALSE,FALSE
54127,Fulbright Elementary CARE,Out of School Time,Level 2,"300 Pleasant Valley Drive, Little Rock, AR, 72212",Pulaski,AnDreia Crawford,Little Rock School District,(501) 447-1880,andreia.crawford@lrsd.org,,60,TRUE,FALSE,FALSE
54126,Forest Park Elementary CARE,Out of School Time,Level 2,"1600 N Tyler Street, Forest Park, Little Rock, AR, 72207-5338",Pulaski,AnDreia Crawford,Little Rock School District,(501) 447-1880,andreia.crawford@lrsd.org,,72,TRUE,FALSE,FALSE
54124,Forest Heights STEM CARE,Out of School Time,Level 2,"5901 Evergreen Drive, Little Rock, AR, 72205",Pulaski,AnDreia Crawford,Little Rock School District,(501) 447-1880,andreia.crawford@lrsd.org,,66,TRUE,FALSE,FALSE
54070,Chicot Elementary CARE Program,Out of School Time,Level 2,"11100 Chicot Road, Mabelvale, Little Rock, AR, 72103",Pulaski,AnDreia Crawford,Little Rock School District,(501) 447-7000,andreia.crawford@lrsd.org,,72,TRUE,FALSE,FALSE
53747,Blue Blossoms Academy,Child Care Center,Level 2,"804 East Kiehl Avenue, Sherwood, AR, 72120",Pulaski,Jamie Thomas,Blue Blossoms Academy LLC,(501) 500-2449,blueblossomsacademy@gmail.com,,20,TRUE,FALSE,FALSE
53616,The Kidz Den,Licensed Child Care Family Home,Level 2,"3825 Antioch Boulevard, Little Rock, AR, 72206",Pulaski,Yolanda Hadley,The Kidz Den,(501) 489-2175,thekidzdendaycare@gmail.com,,16,FALSE,FALSE,FALSE
52843,Terry Elementary,Child Care Center,Level 2,"10800 Mara Lynn Road, Little Rock, AR, 72211",Pulaski,Aimee Young,Little Rock School Board,(501) 447-6502,esther.jones@lrsd.org,www.lrsd.org,40,TRUE,FALSE,TRUE
51823,Right at School at Cato Elementary,Out of School Time,Level 2,"9906 Jacksonville-Cato Road, Sherwood, AR, 72120",Pulaski,Tracie Mitchell,"Right at School, LLC",(501) 400-2168,catoelementary@rightatschool.com,rightatschool.com,268,TRUE,FALSE,FALSE
51684,Nana's Care Daycare LLC,Child Care Center,Level 2,"5312 W 10th St, Little Rock, AR, 72204-1852",Pulaski,Myisha Moss,Nana's Care Daycare LLC,(501) 747-1059,ownernana.cfb2019@yahoo.com,https://www.nanascaredaycare.com/,56,TRUE,FALSE,FALSE
50616,UAMS Child Development Center,Child Care Center,Level 2,"1015 Jonesboro Drive, Little Rock, AR, 72204",Pulaski,Melanie Ledford,Bright Horizons Children's Centers LLC,(501) 686-8480,uamscdc@brighthorizons.com,https://child-care-preschool.brighthorizons.com/AR/Little-Rock/uamschilddevelopmentcenter,260,TRUE,FALSE,FALSE
50610,Kid to Kid Clubhouse Inc,Out of School Time,Level 2,"1415 W Main St, Jacksonville, AR, 72076-4351",Pulaski,Laqueta James,Kid to Kid 3 Club House Inc,(501) 703-4653,kidtokid1and2@gmail.com,,90,TRUE,FALSE,FALSE
48726,Right at School at Sherwood Elementary,Out of School Time,Level 2,"307 Verona Avenue, Sherwood, AR, 72120",Pulaski,Cleea Jeffries,"Right at School, LLC",(501) 779-1367,sherwood_ar@rightatschool.com,rightatschool.com,36,TRUE,FALSE,FALSE
48725,Right at School at Pine Forest Elementary,Out of School Time,Level 2,"400 Pine Forest Drive, Maumelle, AR, 72113",Pulaski,Elizabeth Thomas,"Right at School, LLC",(501) 779-1704,pineforest@rightatschool.com,rightatschool.com,36,TRUE,FALSE,FALSE
48665,Right at School at Sylvan Hills Elementary,Out of School Time,Level 2,"402 Dee Jay Hudson Drive, Sherwood, AR, 72120",Pulaski,Hannah Oglesby,"Right at School, LLC",(501) 507-9936,subsidy@rightatschool.com,rightatschool.com,144,TRUE,FALSE,FALSE
48662,Right at School at Crystal Hill,Out of School Time,Level 2,"5001 Northshore Drive, North Little Rock, AR, 72118",Pulaski,Charlotte Burse,"Right at School, LLC",(501) 507-4659,crystalhill@rightatschool.com,rightatschool.com,36,TRUE,FALSE,FALSE
48651,Right at School at Clinton Elementary,Out of School Time,Level 2,"142 Hollywood Ave, Sherwood, AR, 72120-4162",Pulaski,Belinda Dougan,"Right at School, LLC",(501) 507-4519,clinton_ar@rightatschool.com,rightatschool.com,72,TRUE,FALSE,FALSE
48506,"Building Blocks Child Care Center, Inc.",Child Care Center,Level 2,"2824 John Barrow Road, John Barrow, Little Rock, AR, 72204",Pulaski,Patricia Wright-Champ,"Building Blocks Child Care Center, Inc.",(501) 908-5553,bbchildcarecenter@yahoo.com,,108,TRUE,FALSE,FALSE
48253,Kidd Kave Learning Center 2,Child Care Center,Level 2,"7723 1/2 Colonel Glenn Rd, Little Rock, AR, 72204",Pulaski,Laquishun Jimerson,Kidd Kave Learning Center,(501) 246-5042,kiddklc2@aol.com,,356,TRUE,FALSE,FALSE
46238,Love and Patience Child Care Center,Child Care Center,Level 2,"1724 Pike ave., North Little Rock, AR, 72114",Pulaski,Shretta Morris,Love and Patience child care center,(501) 562-1727,shrettamorris@gmail.com,,114,TRUE,FALSE,FALSE
45507,Guided Steps Childcare Center,Child Care Center,Level 2,"1808 AR-161 Jacksonville A, Jacksonville, AR, 72076",Pulaski,Shontrice Caldwell,Andreia Hines-Taylor,(501) 551-5252,guidedstepschildcare@gmail.com,,38,TRUE,FALSE,FALSE
45268,Kiddie Kollege Preschool LLC,Child Care Center,Level 2,"1901 E. Broadway Street, North Little Rock, AR, 72114",Pulaski,Pheleisa Woods,Kiddie Kollege Preschool LLC,(501) 414-8475,kiddiekollegenlr@gmail.com,,107,TRUE,FALSE,FALSE
31431,Kid Success LLC DBA Pediatrics Plus Developmental Preschool,Early Intervention Day Treatment (EIDT),Level 2,"4901 Northshore Dr, North Little Rock, AR, 72118",Pulaski,Jessica Myers,KIDS SUCCESS INC PEDIATRICS PLUS DEV PRESCHOOL,(501) 791-3331,dhscompliance@pediatricsplus.com,,167,TRUE,FALSE,FALSE
29595,Pediatrics Plus Developmental Preschool,Early Intervention Day Treatment (EIDT),Level 2,"19010 Cantrell Rd, Little Rock, AR, 72223",Pulaski,Laura Weigt,KIDS SUCCESS INC PEDIATRICS PLUS DEV PRESCHOOL,(501) 932-7938,dhscompliance@pediatricsplus.com,,152,TRUE,FALSE,FALSE
28528,Kid Success LLC dba Pediatrics Plus Developmental Preschool,Early Intervention Day Treatment (EIDT),Level 2,"1900 Aldersgate Rd, Little Rock, AR, 72205",Pulaski,Ana Pyron,KIDS SUCCESS INC PEDIATRICS PLUS DEV PRESCHOOL,(501) 821-5459,dhscompliance@pediatricsplus.com,,199,TRUE,TRUE,FALSE
28298,University of Arkansas for Medical Sciences DBA Kids First Little Rock,Early Intervention Day Treatment (EIDT),Level 2,"333 Executive Ct, Little Rock, AR, 72205-4550",Pulaski,Jennifer Ivy,UAMS DEPARTMENT OF PEDIATRICS,(501) 526-8770,jivy2@uams.edu,uams.edu,155,FALSE,TRUE,FALSE
27994,Grow Learning Center,Early Intervention Day Treatment (EIDT),Level 2,"5 Remington Cove, Little Rock, AR, 72204-8274",Pulaski,William (Bill) Sims,JLM Ventures Inc.,(501) 850-8788,sandra.farr@growlearningcentre.com,www.growlearningcentre.com,205,FALSE,TRUE,FALSE
16067,Integrity Child Care,Early Intervention Day Treatment (EIDT),Level 2,"6124 Northmoor Dr, Little Rock, AR, 72204",Pulaski,Chris Anderson,INTEGRITY INC,(501) 614-7200,candersen@integrityinc.org,,51,TRUE,TRUE,FALSE
10318,Achieve Community Alliance/Achieve kids,Early Intervention Day Treatment (EIDT),Level 2,"9720 N Rodney Parham Rd, Little Rock, AR, 72227-6212",Pulaski,Ava McGee,United Cerebral Palsy Of Central Arkansas Inc.,(501) 228-3830,ava@achievecommunity.org,,234,TRUE,TRUE,FALSE
6949,Francis A. Allen School,Early Intervention Day Treatment (EIDT),Level 2,"824 N Tyler St, Little Rock, AR, 72205-3535",Pulaski,Sherrie Ivy,Francis A. Allen School For Exceptional Children Inc,(501) 664-2961,sherrie@francisallenschool.com,,125,FALSE,TRUE,FALSE
38186,Teeny Tiny Tots Playhouse,Child Care Center,Level 2,"5906 W 53rd St, Little Rock, AR, 72209-1557",Pulaski,Catina Davis,"Teeny Tiny Tot Playhouse, LLC",(501) 541-9918,tttplayhouse@yahoo.com,,59,TRUE,TRUE,FALSE
37928,Leap Forward,Child Care Center,Level 2,"5313 Mabelvale Pike, Little Rock, AR, 72209-1819",Pulaski,Frederica Slater,Leap Forward CDC,(501) 864-0007,leap.forward@yahoo.com,,102,TRUE,FALSE,FALSE
36564,Jamari & Jazz Kid Connection LLC,Child Care Center,Level 2,"4000 E Broadway St, North Little Rock, AR, 72114-6430",Pulaski,Stacie Altman,Jamari & Jazz Kid Connection LLC,(501) 346-9673,jjkc.stacie@gmail.com,,51,TRUE,TRUE,FALSE
36400,Young Scholars Child Development Center,Child Care Center,Level 2,"8903 Morris Manor Dr, Little Rock, AR, 72204-1461",Pulaski,Adrianne Oneal,Young Scholars Child Development Center,(501) 683-8391,young_scholars@yahoo.com,,42,TRUE,TRUE,FALSE
36342,Dance Life Preschool of Arts,Licensed Child Care Family Home,Level 2,"312 Water St, North Little Rock, AR, 72117",Pulaski,Ricarol Rockins,Ricarol Rockins,(501) 291-8770,ricarol.hinton@gmail.com,,10,TRUE,TRUE,FALSE
36252,Apples N Oranges Enrichment Center,Licensed Child Care Family Home,Level 2,"6824 Fairfield Dr, Little Rock, AR, 72209-7448",Pulaski,,Angela Jackson,(501) 349-7545,pinkngreen41@gmail.com,,16,FALSE,TRUE,FALSE
35685,Younglins Kid Zone,Child Care Center,Level 2,"3620 Baseline Road, Little Rock, AR, 72209",Pulaski,Theresa Young,Youngs In Home Care Inc,(501) 280-0901,gerryteresayoung@sbcglobal.net,,85,TRUE,TRUE,FALSE
35373,Touched by an Angel Family Home,Licensed Child Care Family Home,Level 2,"1713 Green Meadow Drive, Little Rock, AR, 72204",Pulaski,Angel Pitman,Angel Weston-Pittman,(501) 413-4316,angel.pittman1219@att.net,,10,TRUE,TRUE,FALSE
35354,Kidd Kave Learning Center,Child Care Center,Level 2,"8319 Geyer Springs Rd, Little Rock, AR, 72209-4945",Pulaski,Laquishun Jimerson,LaQuishun Jimerson,(501) 355-7309,kiddkavelearningcenter@aol.com,,31,TRUE,FALSE,FALSE
31403,Scrubbee's Kids Academy,Child Care Center,Level 2,"723 N Beech St, North Little Rock, AR, 72120",Pulaski,Betty Lewis,Stevie Brewer,(501) 313-4991,scrubbeeskidsacademy@yahoo.com,,58,TRUE,TRUE,FALSE
31381,Teach Play to Learn Childcare and Preschool Development Center,Child Care Center,Level 2,"4110 E 37th St, Little Rock, AR, 72206",Pulaski,Lanell Jefferson,Prekinder Beginning Prep Academy Inc.,(501) 904-7103,pprekinder@gmail.com,teachplaytolearn.com,128,TRUE,TRUE,FALSE
31241,JFUMC Christian Childcare Center,Child Care Center,Level 2,"220 West Main Street, Jacksonville, AR, 72076",Pulaski,April Palmer,First United Methodist Church,(501) 333-4353,jfumc.ccc@gmail.com,,58,FALSE,TRUE,FALSE
31187,Central Arkansas Montessori,Child Care Center,Level 2,"900 Mission Road, North Little Rock, AR, 72118",Pulaski,Laure Burchfield,"Central Arkansas Montessori, Inc.",(501) 352-6712,centralarmontessori@gmail.com,camnlr.com,85,TRUE,FALSE,FALSE
31173,Tweety's Lil Academy,Child Care Center,Level 2,"8923 Sunset Ln, Little Rock, AR, 72209-6526",Pulaski,Anne Hester,Gwenevere Plunkett / Tweety's Lil Academy,(501) 517-6999,tweetyslilacademy@gmail.com,,87,TRUE,TRUE,FALSE
30872,Ethel's Educational Express CDC LLC,Child Care Center,Level 2,"213 N Bailey Blvd, Jacksonville, AR, 72076-4404",Pulaski,ETHEL KNIGHT,Ethel KNIGHT,(501) 457-7030,cdc@ethelseducationalexpress.com,www.ethelseducationalexpress.com,47,TRUE,TRUE,FALSE
30837,Kiddie Academy,Child Care Center,Level 2,"610 Wellington Hills Rd, Little Rock, AR, 72211-2296",Pulaski,Monica Brooks,Apple of Gods Eye Inc,(501) 588-3014,littlerock@kiddieacademy.net,,216,TRUE,TRUE,FALSE
30656,Sherwood Christian Academy,Child Care Center,Level 2,"1061 Lantrip Rd, Sherwood, AR, 72120-4161",Pulaski,Ronda Sobczak,Ronda Sobczak,(501) 833-2277,amazinguar@gmail.com,www.sherwoodchristianacademy.com,78,TRUE,FALSE,FALSE
30542,The Children's Center,Child Care Center,Level 2,"11512 Mabelvale West, LITTLE ROCK, AR, 72209",Pulaski,Bridgette Gaines,Lisa Jenkins,(501) 455-2690,childrens-center@sbcglobal.net,,153,TRUE,TRUE,FALSE
30494,Kingdom Kidds Childcare Center,Child Care Center,Level 2,"9900 Brockington Rd, Sherwood, AR, 72120-3415",Pulaski,Tracey Thomasson,Kingdom Kidds Chilcare Center,(501) 834-5474,kingdomworks@sbcglobal.net,,81,TRUE,FALSE,FALSE
30358,Kare A Lot Learning Academy,Child Care Center,Level 2,"6 Otter Creek Ct, Little Rock, AR, 72210-5780",Pulaski,Tiffani Lee,2 TLee Inc,(501) 712-4203,karealotlearningacademy@yahoo.com,,121,TRUE,TRUE,FALSE
30199,Small Blessings Nurturing Childcare,Child Care Center,Level 2,"13001 Stacy Ln, Little Rock, AR, 72211-3238",Pulaski,LaTonya Shelton,Small Blessings Nuturing Childcare LLC,(501) 221-1102,latanyashelton@yahoo.com,,30,TRUE,TRUE,FALSE
30179,Love and Patience CCC,Child Care Center,Level 2,"910 West 25th Street, North Little Rock, AR, 72114",Pulaski,Shretta Morris,Shretta Morris,(501) 541-8533,shrettamorris@gmail.com,,57,TRUE,FALSE,FALSE
30095,Teacher's Pet,Child Care Center,Level 2,"1801 Kierre Dr, North Little Rock, AR, 72116-3300",Pulaski,Sarah Freeman,Ridgeview Learning LLC,(501) 758-3730,angela.todd@teacherspetpreschool.com,www.teacherspetpreschool.com,94,TRUE,FALSE,FALSE
30094,Teacher's Pet Infant Center,Child Care Center,Level 2,"908 West 35th Street, North Little Rock, AR, 72118",Pulaski,Sarah Freeman,Ridgeview Learning LLC,(501) 758-0344,angela.todd@teacherspetpreschool.com,,30,TRUE,FALSE,FALSE
29580,Baseline Bilingual School,Child Care Center,Level 2,"3516 Baseline Rd, Little Rock, AR, 72209-5508",Pulaski,Ida Pettus,Ida Pettus,(501) 541-4222,kidsmartdirector@yahoo.com,,55,TRUE,TRUE,FALSE
29575,Baseline Bilingual School,Child Care Center,Level 2,"3425 BASELINE ROAD, LITTLE ROCK, AR, 72209",Pulaski,Ida Pettus,Ida Pettus,(501) 541-4222,kidsmartdirector@yahoo.com,,60,TRUE,TRUE,FALSE
29055,Deloney's Child Development Center,Child Care Center,Level 2,"8003 Mabelvale Cut Off Road, Mabelvale, AR, 72103",Pulaski,Rita Deloney,Deloneys Adult Daycare Inc.,(501) 562-6613,deloneyscdc@yahoo.com,,42,TRUE,FALSE,FALSE
27637,Christ the King Pre Kindergarten,Child Care Center,Level 2,"4002 N Rodney Parham Rd, Little Rock, AR, 72212-2443",Pulaski,Kari Greenway,Christ the King Catholic School,(501) 225-7883,kgreenway@ctklr.org,www.ctklr.org,88,FALSE,FALSE,FALSE
27405,Kids R' Kids Learning Center,Child Care Center,Level 2,"9015 Kanis Rd, Little Rock, AR, 72205",Pulaski,Crystal Martin,Crystal Martin,(501) 565-2800,cdmartin_1979@yahoo.com,,59,TRUE,TRUE,FALSE
26557,Early Childhood Education Program at Trinity Cathedral,Child Care Center,Level 2,"310 W 17th St, Little Rock, AR, 72206-1461",Pulaski,Christy Poindexter,"Early Childhood Education Program at Trinity Cathedral, Inc.",(501) 588-3659,cpoindexter@trinitylittlerock.org,,274,TRUE,FALSE,FALSE
26278,Dillon's Family Daycare,Child Care Center,Level 2,"20514 Arch St, Hensley, AR, 72065-9252",Pulaski,Deserie Geyer-Watts,Dillons Family Daycare LLC,(501) 261-1234,dillonsfamilydaycare@gmail.com,,81,TRUE,FALSE,FALSE
25986,kids academy,Child Care Center,Level 2,"10355 Riverview Corporate Drive, North Little Rock, AR, 72113",Pulaski,Stacey Studdard,Kids Academy Inc.,(501) 753-0008,smaries78@msn.com,,257,TRUE,TRUE,FALSE
25877,Heavens Angels Learning Center LLC,Child Care Center,Level 2,"1210 W 9th St, North Little Rock, AR, 72114-4519",Pulaski,Tomeka Gaston,Heavens Angels Learning Center LLC,(501) 374-5509,heavensangels001@yahoo.com,,15,TRUE,TRUE,FALSE
25508,Elaines Second Step Family Home,Registered Child Care Family Home,Level 2,"6000 Foxboro Drive, North Little Rock, AR, 72118",Pulaski,,Vernada Watkins,(501) 772-9288,vwat19@gmail.com,,5,TRUE,TRUE,FALSE
25320,Kiddz Kampus Inc,Child Care Center,Level 2,"3603 Highway 161, North Little Rock, AR, 72117",Pulaski,Felicia Scott,Kiddz Kampus Inc,(501) 954-0100,kiddzkampus@gmail.com,,32,TRUE,TRUE,FALSE
25317,Scholastic Academy Inc.,Child Care Center,Level 2,"415 E 17TH ST, LITTLE ROCK, AR, 72206",Pulaski,Shacuna Jones,Scholastic Academy Inc.,(501) 372-7735,scholasticacademy@sbcglobal.net,,139,TRUE,TRUE,TRUE
24298,Adventures Christian Child Care II,Child Care Center,Level 2,"3400 Asher Ave, Little Rock, AR, 72204-5539",Pulaski,Debra Tayes,Vernita Montgomery,(501) 664-4622,adventureschristianchildcare@outlook.com,,90,TRUE,TRUE,FALSE
23328,Kids Academy,Child Care Center,Level 2,"18401 Cantrell Rd, Little Rock, AR, 72223-4580",Pulaski,"Emilia ""Rena"" Boutot",Kids Academy Inc.,(501) 868-7774,smaries78@msn.com,,209,TRUE,TRUE,FALSE
15479,"The Growing Tree Early Learning Center, Inc.",Child Care Center,Level 2,"18240 Lawson Road, Little Rock, AR, 72210",Pulaski,Roma Barnes,The Growing Tree Inc,(501) 821-8770,tgtelc022@yahoo.com,,10,TRUE,TRUE,FALSE
14220,Word Of Outreach Christian Academy & Daycare,Child Care Center,Level 2,"3411 Asher Avenue, Little Rock, AR, 72204",Pulaski,Carolyn Smith,Word Of Outreach Christian Academy & Day Care,(501) 747-1034,daycare4wooca@gmail.com,,47,TRUE,FALSE,FALSE
13303,Kids Academy,Child Care Center,Level 2,"7326 Cock Of The Walk, Maumelle, AR, 72113",Pulaski,Amanda Falcone,Kids Academy Inc.,(501) 791-2227,agfkids1@yahoo.com,,92,TRUE,TRUE,FALSE
10376,Bingham Road Baptist Child Development Center,Child Care Center,Level 2,"923 West Bingham Road, Little Rock, AR, 72206",Pulaski,Julie Wingard,Roger Brown,(501) 888-2541,cdc@binghamroadchurch.com,,154,TRUE,TRUE,FALSE
8716,Little Scholars,Child Care Center,Level 2,"8707 Stanton Rd, Little Rock, AR, 72209-5245",Pulaski,Debra Conley,Sipe Ministries Inc,(501) 562-2774,noupien76@gmail.com,,148,TRUE,TRUE,FALSE
6776,Pulaski Heights Elementary Care,Out of School Time,Level 2,"319 N Pine St, Little Rock, AR, 72205-4215",Pulaski,Andreia Crawford,Little Rock School Board,(501) 663-6469,andreia.crawford@lrsd.org,,194,TRUE,TRUE,FALSE
6459,Small Fry Day Care Center,Child Care Center,Level 2,"7235 Jacksonville Cutoff Rd, Jacksonville, AR, 72076-8836",Pulaski,Cassidy Harrison,Small Fry Day Care Inc,(501) 835-4397,smallfrydaycare@att.net,,71,TRUE,TRUE,FALSE
6311,Williams Elementary CARE,Out of School Time,Level 2,"7201 Evergreen Dr, Little Rock, AR, 72207",Pulaski,Sarah Smith,Little Rock School Board,(501) 447-1880,andreia.crawford@lrsd.org,,228,TRUE,TRUE,FALSE
6259,Southwest Christian Academy,Child Care Center,Level 2,"11301 Geyer Springs Rd, Little Rock, AR, 72209-8613",Pulaski,Kristen Stewart,Southwest Christian Academy Inc.,(501) 565-3276,stewart.kristen@swchristian.com,www.swchristian.com,325,TRUE,FALSE,FALSE
1185,Stinson Chapel Day Care Center,Child Care Center,Level 2,"606 S Claremont Ave, Sherwood, AR, 72120-5948",Pulaski,Angela Smith,Stinson Chapel General Baptist Church,(501) 835-2845,stinsondaycare@gmail.com,,104,TRUE,FALSE,FALSE
24,FUMC Childrens Enrichment Center,Child Care Center,Level 2,"6701 John F Kennedy Boulevard, North Little Rock, AR, 72116",Pulaski,Richard Alcala,First United Mehtodist Church Of North Little Rock,(501) 835-2903,ralcala@nlrfumc.org,www.nlrfumc.org,267,FALSE,TRUE,FALSE
6672,North Hills Services Inc,Early Intervention Day Treatment (EIDT),Level 1,"207 Fred Rains Dr, Sherwood, AR, 72120-5457",Pulaski,Stacy Hobby,North Hills Services Inc,(501) 834-0217,stacylynn@northhillsservices.com,,98,FALSE,TRUE,FALSE
31419,Songbird Preforming Arts Foundation,Out of School Time,Level 1,"3425 Baseline Road, Little Rock, AR, 72209",Pulaski,Tiffany Pettus,Songbird Multimedia and Performing Arts Foundation INC,(501) 612-0864,songbirdmediaworld@gmail.com,,159,FALSE,FALSE,FALSE
31367,St. Margarets Early Childhood Center,Child Care Center,Level 1,"20900 Chenal Pkwy, Little Rock, AR, 72223-9556",Pulaski,Kris Alexander,St. Margarets Epispocal Church,(501) 821-1311,kalexander@stmargaretschurch.org,,49,FALSE,FALSE,FALSE
30537,Primrose School of West Little Rock,Child Care Center,Level 1,"1601 Kirk Road, Little Rock, AR, 72223",Pulaski,Larissa Glover,Malika Pabani,(501) 821-2200,lglover@primrosewestlittlerock.com,,224,FALSE,FALSE,FALSE
30065,Ferncliff Camp & Conference Center Pre-K,Child Care Center,Level 1,"1720 Ferncliff Rd, Little Rock, AR, 72223-9404",Pulaski,Emily Wernsdorfer,FERNCLIFF Camp and Conference Center,(501) 821-3063,naturepreschool@ferncliff.org,,518,FALSE,FALSE,FALSE
29204,"Johnson's Montessori School, Inc.",Child Care Center,Level 1,"708 Towne Oaks Drive, Little Rock, AR, 72227",Pulaski,Tara Jemison,Johnsons Montessori School Inc,(501) 615-3738,jmsinc27@yahoo.com,,67,FALSE,FALSE,FALSE
25573,Kids Life,Child Care Center,Level 1,"321 Pleasant Valley Dr, Little Rock, AR, 72212-3157",Pulaski,Leah Phelps,St James United Methodist Church,(501) 217-6786,leah@stjameslr.org,,92,FALSE,FALSE,FALSE
14383,Calvary Academy Pre-K,Child Care Center,Level 1,"1401 Calvary Rd, North Little Rock, AR, 72116",Pulaski,Georgia Best,First Pentecostal Church,(501) 758-3090,dfranks@calvaryacademynlr.com,,46,FALSE,FALSE,FALSE
7882,Our Lady Of Holy Souls,Child Care Center,Level 1,"1001 N Tyler St, Little Rock, AR, 72205-1749",Pulaski,Amber Bagby,Our Lady Of Holy Souls,(501) 663-4513,extendedcare@holysouls.org,,160,FALSE,FALSE,FALSE
7183,Lakewood Methodist Mothers Day Out,Child Care Center,Level 1,"1922 Topf Rd, North Little Rock, AR, 72116-7421",Pulaski,Stephanie Jones,"Lakewood United Methodist Church Mother's Day Out, Inc",(501) 753-6186,sables@expandingthelight.org,www.expandingthelight.org,383,TRUE,FALSE,FALSE
5410,Westover Hills Presbyterian Preschool,Child Care Center,Level 1,"6400 Richard B Hardie Drive, Little Rock, AR, 72207",Pulaski,Shawn Mittledorf,Westover Hills Presbyterian Church,(501) 666-0880,westoverhillspreschool@gmail.com,www.westoverhills.org,151,FALSE,FALSE,FALSE
1737,Sylvan Hills UMC Early Learning Center,Child Care Center,Level 1,"9921 Arkansas 107, Sherwood, AR, 72120",Pulaski,Wendy Spencer,Sylvan Hills United Methodist Church,(501) 835-3850,shumcelcdirector@outlook.com,www.sylvanhillsumc.com,59,FALSE,FALSE,FALSE
307,Park Hill Baptist Child Dev Center,Child Care Center,Level 1,"201 E C St, North Little Rock, AR, 72116-8807",Pulaski,Melissa Smith,Park Hill Baptist Church,(501) 753-2147,msmith@parkhill.church,www.parkhill.church; Door Code is 22824*,240,FALSE,FALSE,FALSE
56481,Adventure Academy,Child Care Center,Level 0,"3700 E Maryland Ave, Sherwood, AR, 72120-2356",Pulaski,Samantha Copenhaver,Adventure Academy,(501) 599-0133,adventureacademy72120@gmail.com,www.adventureacademy.online,116,FALSE,FALSE,FALSE
55942,Cornerstone Christian Preparatory School,Out of School Time,Level 0,"703 South James Street, Jacksonville, AR, 72076",Pulaski,Tiffany Taggart,Cornerstone Christian Preparatory School,(501) 316-3631,info@cornerstoneprepschools.org,cornerstoneprepschools.org,87,FALSE,FALSE,FALSE
55803,"Mrs. Kelsey's Kiddos Learning Center, LLC.",Licensed Child Care Family Home,Level 0,"3636 T P White Drive, Jacksonville, AR, 72076",Pulaski,,Kelsey Richardson,(919) 809-4402,kirrasmommy@hotmail.com,,16,FALSE,FALSE,FALSE
54468,Museum of Discovery,Out of School Time,Level 0,"500 President Clinton Ave Suite 150, Little Rock, AR, 72201-1757",Pulaski,Thomas Lipham,Museum of Discovery,(501) 396-7050,lpaden@museumofdiscovery.org,https://museumofdiscovery.org/,171,FALSE,FALSE,FALSE
54262,Little scholars Seis Puentes,Out of School Time,Level 0,"4500 Springer Boulevard, Granite Mountain, Little Rock, AR, 72206",Pulaski,Kristal Jones,Pulaski County Government,(501) 340-8250,jscott@pulaskicounty.net,,72,FALSE,FALSE,FALSE
53981,Bobby G. Lester Elementary School-PreK,Child Care Center,Level 0,"601 Harris Road, Jacksonville, AR, 72076",Pulaski,Christen Bradford,Jacksonville North Pulaski School District,(501) 982-7456,cbradford@jnpsd.org,,28,FALSE,FALSE,TRUE
53801,Little Life Academy of AR - WLR,Child Care Center,Level 0,"23501 Chenal Pkwy, Little Rock, AR, 72223-6130",Pulaski,Maria Teresa Vail,Little Life Academy of Arkansas Inc,(501) 908-1717,teresa.vail@littlelifeacademy.com,littlelifeacademy.com,64,FALSE,FALSE,FALSE
53702,Best Childcare,Child Care Center,Level 0,"6500 Mabelvale Pike, Little Rock, AR, 72209",Pulaski,Shayla Donahue,BEST Childcare LLC,(501) 349-6521,nsladywade@yahoo.com,,18,FALSE,FALSE,FALSE
52852,Patience Little Learners,Registered Child Care Family Home,Level 0,"5 Vassar Cir, Little Rock, AR, 72204-4643",Pulaski,,Bobbie Wilburd,(501) 442-0344,patiencelittlelearners123@gmail.com,,5,FALSE,FALSE,FALSE
51836,"First Step Arkansas, LLC dba Arkids Pediatric Day Centers",Early Intervention Day Treatment (EIDT),Level 0,"1300 W 18th St, North Little Rock, AR, 72114-3240",Pulaski,Sommer Murphy,"First Step Arkansas, LLC dba Arkids Pediatric Day Centers",(501) 615-8629,cparker@arkidspdc.com,www.arkidspdc.com,244,FALSE,FALSE,FALSE
51835,The Lightdentity Foundation with Otter Creek Community church,Out of School Time,Level 0,"11715 Rainwood Road - Suite 1A, Little Rock, AR, 72212",Pulaski,Miya Blackmon,The Lightdentity Foundation,(501) 247-6161,miyablackmon@gmail.com,info@theocchurch.com,72,FALSE,FALSE,FALSE
51670,Right at School at eStem Elementary School,Out of School Time,Level 0,"112 West 3rd Street, Downtown, Little Rock, AR, 72201",Pulaski,Hannah Oglesby,"Right at School, LLC",(501) 400-5831,estemdowntown@rightatschool.com,rightatschool.com,141,FALSE,FALSE,FALSE
51555,Kid Champion,Child Care Center,Level 0,"11400 N Rodney Parham Rd STE C, Little Rock, AR, 72212-4124",Pulaski,Dana Kelley,Kid Champion Holding Company LLC,(501) 954-0667,info@kidchampion.com,kidchampion.com,43,FALSE,FALSE,FALSE
51510,Little Scholars Mount Pisgah,Out of School Time,Level 0,"1017 Ray Road, Jacksonville, AR, 72076",Pulaski,Trakeya Bone,Pulaski County Goverment,(501) 340-8250,jscott@pulaskicounty.net,,36,FALSE,FALSE,FALSE
51452,Excellence Plus Academy,Child Care Center,Level 0,"1 Otter Creek Court, Little Rock, Little Rock, AR, 72210",Pulaski,Monica Pettus,Excellence Plus Academy,(501) 902-9348,excellenceplus19@gmail.com,www.excellence-plus.org,25,FALSE,FALSE,FALSE
50854,Easterseals Arkansas Academy West,Early Intervention Day Treatment (EIDT),Level 0,"3724 Woodland Heights Rd, Little Rock, AR, 72212-2455",Pulaski,Karye Brockert,Easterseals Arkansas,(501) 221-0040,carrie.roberts@eastersealsar.com,www.eastersealsar.com,65,FALSE,FALSE,FALSE
50224,"Arkansas School for the Blind and Visually Impaired ""West Wing""",Child Care Center,Level 0,"2600 W Markham St, Little Rock, AR, 72205-5925",Pulaski,Rebekah Burchfield,Arkansas School for the Blind and Visually Impaired,(501) 683-2721,lori.cole@ade.arkansas.gov,asbvi.ade.arkansas.gov,36,FALSE,FALSE,FALSE
49815,Arkansas School for the Deaf,Child Care Center,Level 0,"2400 W Markham St, Little Rock, AR, 72205-6129",Pulaski,KaAnn Varner,Arkansas School for the Deaf,(501) 658-0963,kaann.varner@ade.arkansas.gov,,10,FALSE,FALSE,FALSE
49236,Boys and Girls Club of Jacksonville,Out of School Time,Level 0,"1 Boys Club Dr, Jacksonville, AR, 72076-5001",Pulaski,Michael Boone,Boys and Girls Club of Jacksonville,(870) 228-2556,michael@jbgc.org,www.jbgc.org,114,FALSE,FALSE,FALSE
48971,City of Little Rock After-School Program at J.A. Fair,Out of School Time,Level 0,"13420 David O Dodd Road, Little Rock, AR, 72210",Pulaski,Debra Banks,City of Little Rock,(501) 371-4583,dbanks@littlerock.gov,,1519,FALSE,FALSE,FALSE
48968,Little Scholars Oak Grove,Out of School Time,Level 0,"5703 Oak Grove Rd, North Little Rock, AR, 72118-1988",Pulaski,Kimberly Coleman,Pulaski County Government,(501) 340-8250,lsoakgrovepcys@gmail.com,,172,FALSE,FALSE,FALSE
48954,Little Scholars Harris,Out of School Time,Level 0,"4424 Arkansas 161, North Little Rock, AR, 72117",Pulaski,Ja'Lynn Adams-Gray,Pulaski County Government,(501) 340-8250,lsharrispcys@gmail.com,,105,FALSE,FALSE,FALSE
48938,Little Scholars Landmark,Out of School Time,Level 0,"16712 Arch St, Little Rock, AR, 72206-6157",Pulaski,Delorise Foster,Pulaski County Government,(501) 340-8250,lslandmarkpcys@gmail.com,,36,FALSE,FALSE,FALSE
48937,Little Scholars Daisy Bates,Out of School Time,Level 0,"14300 Dineen Drive, Little Rock, AR, 72206",Pulaski,Gregg Easter,Pulaski County Government,(501) 340-8250,lsdaisybates@gmail.com,,136,FALSE,FALSE,FALSE
48754,North River Christian Academy,Child Care Center,Level 0,"5845 Roundtop Drive, North Little Rock, AR, 72117",Pulaski,Tammy Fletcher,North River Christian Academy Inc.,(501) 902-6755,tfletcher@nrca-chargers.com,www.nrca-chargers.com,20,FALSE,FALSE,FALSE
48715,Right at School at Oakbrooke Elementary,Out of School Time,Level 0,"2200 Thornbill Drive, Sherwood, AR, 72120",Pulaski,Andrea Arnold,"Right at School, LLC",(501) 779-1705,oakbrooke@rightatschool.com,rightatschool.com,36,FALSE,FALSE,FALSE
48664,Right at School at Joe T Robinson,Out of School Time,Level 0,"21600 Arkansas 10, Little Rock, AR, 72223",Pulaski,Chanetra Gaines,"Right at School, LLC",(501) 507-9564,joetrobinson@rightatschool.com,rightatschool.com,36,FALSE,FALSE,FALSE
48663,Right at School at Baker Elementary,Out of School Time,Level 0,"15001 Kanis Road, Little Rock, AR, 72223",Pulaski,Yolanda Jenkins,"Right at School, LLC",(501) 507-4518,baker@rightatschool.com,rightatschool.com,108,FALSE,FALSE,FALSE
48647,Right at School at Chenal Elementary,Out of School Time,Level 0,"21201 Denny Road, Little Rock, AR, 72223",Pulaski,Yolanda Goodman,"Right at School, LLC",(501) 507-4355,chenal@rightatschool.com,rightatschool.com,72,FALSE,FALSE,FALSE
48259,Safe Keepings,Out of School Time,Level 0,"1624 Cleveland St, Little Rock, AR, 72204-2546",Pulaski,Gloria Sanders,Safe Keepings,(501) 265-0223,safekeepings1624@gmail.com,,63,FALSE,FALSE,FALSE
48237,Thrasher Boys & Girls club,Out of School Time,Level 0,"3301 S State St, Little Rock, AR, 72206-3477",Pulaski,Derrick Williams,Boys & Girls Club of Central Arkansas,(501) 376-2988,dwilliams@arclubs.org,wwwbgcofca.com,373,FALSE,FALSE,FALSE
45464,Little Life Academy,Child Care Center,Level 0,"8000 Crystal Hill Rd, North Little Rock, AR, 72118",Pulaski,MyKenzie Rayburn,Little Life Academy of Arkansas Inc.,(501) 420-3475,allison.martin@littlelifeacademy.com,littlelifeacademy.com/glr,122,FALSE,FALSE,FALSE
30396,Access Group Inc,Early Intervention Day Treatment (EIDT),Level 0,"1500 N Mississippi St, Little Rock, AR, 72207",Pulaski,Cheri Stevenson,Accessabilities,(501) 217-8600,cheri@accessgroupinc.org,,214,FALSE,FALSE,FALSE
28358,Pathfinder Summer Day Academy,Early Intervention Day Treatment (EIDT),Level 0,"2615 W Main St, Jacksonville, AR, 72076-4215",Pulaski,Deborah Rogers,"PATHFINDER, INC.",(501) 982-0528,shana.fryar@pathfinderinc.org,,154,FALSE,FALSE,FALSE
27063,Full Potential Child Development Center,Early Intervention Day Treatment (EIDT),Level 0,"8109 I-30, Little Rock, AR, 72209-4840",Pulaski,Trevor Lay,Potential Horizons LLC,(501) 562-5400,trevor.lay@fullpotentialclinic.com,,459,FALSE,TRUE,FALSE
15758,ACCESS Group Inc.,Early Intervention Day Treatment (EIDT),Level 0,"10618 Breckenridge Dr, Little Rock, AR, 72211-1802",Pulaski,Monika Garner-Smith,Accessabilities,(501) 217-8600,monika@accessgroupinc.org,,309,FALSE,FALSE,FALSE
38283,The P.A.T People Advocating Transition Center Co.,Out of School Time,Level 0,"6210 Baseline Rd, Little Rock, AR, 72209-4728",Pulaski,,RONALD KIRBY,(501) 265-0302,ronald.kirby@thepatcenter.org,https://peopleadvocatingtransition.com/,54,FALSE,FALSE,FALSE
38133,We Care of Pulaski County,Out of School Time,Level 0,"3523 Slinker Rd, Little Rock, AR, 72206-4815",Pulaski,Sherry Lowe,We Care of Pulaski County,(501) 897-0500,wecarerec@sbcglobal.net,,45,FALSE,FALSE,FALSE
37982,Pulaski Academy,Child Care Center,Level 0,"12701 Hinson Rd, Little Rock, AR, 72212-3301",Pulaski,Tiffany Knight,Pulaski Academy Board Of Directors,(501) 604-1910,tiffany.knight@pulaskiacademy.org,,266,FALSE,FALSE,FALSE
37978,Little Rock Montessori School,Child Care Center,Level 0,"3704 North Rodney Parham, Little Rock, AR, 72212",Pulaski,Amy Barrett,Arkansas Montessori Society Inc.,(501) 225-2428,amy.barrett@lrmontessori.org,,171,FALSE,FALSE,FALSE
35768,Huff N Puff Fitness Dance & Gymnastics,Out of School Time,Level 0,"613 N 1st Street, Jacksonville, AR, 72076",Pulaski,Jackie York,"Huff N Puff Fitness Dance & Gymnastics, Inc.",(501) 985-1818,jaxhnpchildcare@gmail.com,www.jaxgymathnp.com,90,FALSE,FALSE,FALSE
35575,Missy's Care-A-Lot Family Childcare,Licensed Child Care Family Home,Level 0,"5003 Charles Cove, North Little Rock, AR, 72117-1644",Pulaski,,Melissa Griffin,(501) 850-4331,carealot_ar@yahoo.com,,16,FALSE,FALSE,FALSE
31364,Boys and Girls Club of Central Arkansas- Penick Unit,Out of School Time,Level 0,"1201 Leisure Place, Little Rock, AR, 72204",Pulaski,Cindy Doramus,Boys and Girls Club of Central Arkansas,(501) 666-5494,kbrown@arclubs.org,,287,FALSE,FALSE,FALSE
31363,Billy Mitchell Boys and Girls Club,Out of School Time,Level 0,"3107 W Capitol Ave, Little Rock, AR, 72205-5832",Pulaski,Steven Riffle,Boys and Girls Club of Central Arkansas,(501) 666-9486,sriffle@arclubs.org,,198,FALSE,FALSE,FALSE
31361,Boys and Girls Club of Central Arkansas- Dalton Whetstone Unit,Out of School Time,Level 0,"46 Harrow Drive, Little Rock, AR, 72209",Pulaski,Cindy Doramus,Boys and Girls Club of Central Arkansas,(501) 562-4082,mlewis@arclubs.org,,239,FALSE,FALSE,FALSE
31097,Unity Martial Arts,Out of School Time,Level 0,"1524 Garfield Dr, Little Rock, AR, 72204-2501",Pulaski,Tanner Critz,Unity Martial Arts LLC,(501) 664-0604,tannercritz@gmail.com,,174,FALSE,FALSE,FALSE
29874,Miss Cherie's Day Care,Child Care Center,Level 0,"12900 Cantrell Rd, Little Rock, AR, 72223-1700",Pulaski,Cherie Carney,Cheryl Carney,(501) 690-0784,cherie@misscheriesdaycare.com,,73,FALSE,FALSE,FALSE
28809,Little Rock Athletic Club Kid's Down Under Center,Child Care Center,Level 0,"4610 Sam Peck Road, Little Rock, AR, 72223",Pulaski,Melody Nation,Little Rock Athletic Centers LLC,(501) 225-3600,melodynation@lrac.com,www.lrac.com,148,FALSE,FALSE,FALSE
28808,Little Rock Racquet Club,Child Care Center,Level 0,"1 Huntington Road, Little Rock, AR, 72227",Pulaski,Maria Rogers,Little Rock Athletic Centers LLC,(501) 225-5711,mariarogers@lrrcfc.com,,20,FALSE,FALSE,FALSE
28416,Central Arkansas Christian Preschool,Child Care Center,Level 0,"6101 John F Kennedy Boulevard, North Little Rock, AR, 72116",Pulaski,Amy Zini,Central Arkansas Christian Schools Inc.,(501) 835-5924,azini@cacmustangs.org,,298,FALSE,FALSE,FALSE
28114,Maumelle Gymnastics,Child Care Center,Level 0,"9300 White Oak Crossing, Maumelle, AR, 72113",Pulaski,Connie Raley,Connie Raley,(501) 753-5437,kim@mgckids.com,www.mgckids.com,81,FALSE,FALSE,FALSE
26935,Wiggles & Giggles Daycare,Child Care Center,Level 0,"20400 Arch St Suite 4, Little Rock, AR, 72206-9674",Pulaski,Brandie Tiernan,Brandie Davis,(501) 888-3455,badavis1818@gmail.com,,137,FALSE,FALSE,FALSE
26868,Little Rock Montessori School South,Child Care Center,Level 0,"12015 Hinson Rd, Little Rock, AR, 72212-3408",Pulaski,Amy Barrett,Arkansas Montessori Society Inc.,(501) 225-2428,amy.barrett@lrmontessori.org,,81,FALSE,FALSE,FALSE
26193,Abundant Life School,Child Care Center,Level 0,"9200 AR-107, Sherwood, AR, 72120",Pulaski,Mandy Pitts,Sylvan Hills 1st Baptist Church,(501) 835-3120,mpitts@alca-owls.com,www.abundantlifeschool.com,59,FALSE,FALSE,FALSE
25740,Jacksonville Christian Academy Preschool,Child Care Center,Level 0,"3301 N 1st St, Jacksonville, AR, 72076-1807",Pulaski,Alana Files,Bible Baptist Church,(501) 982-5033,jcpreschooldirector@gmail.com,jcaeagles.com,102,FALSE,FALSE,FALSE
24913,Little Rock Christian Academy,Child Care Center,Level 0,"19010 Cantrell Rd, Little Rock, AR, 72223-4420",Pulaski,Stacey Flamik,Little Rock Christian Academy Board Of Trustees,(501) 868-9822,stacey.flamik@littlerockchristian.com,www.littlerockchristian.com,243,FALSE,FALSE,FALSE
24791,Janet Crim Daycare,Licensed Child Care Family Home,Level 0,"915 West Kiehl Avenue, Sherwood, AR, 72120",Pulaski,Janet Crim,Janet Crim,(501) 831-2397,crim99@att.net,,10,FALSE,TRUE,FALSE
22523,Christ the King School,Child Care Center,Level 0,"3900 N Rodney Parham, Little Rock, AR, 72212",Pulaski,Kelly Uhlig,Christ The King Church,(501) 225-7883,kuhlig@ctklr.org,,600,FALSE,FALSE,FALSE
21907,First Steps Of Life,Licensed Child Care Family Home,Level 0,"416 Pickwick Ln, North Little Rock, AR, 72118-4175",Pulaski,,First Steps of Life,(501) 753-9721,teachingiswhatilove@yahoo.com,,16,FALSE,TRUE,FALSE
21408,Beverly's Child Care,Licensed Child Care Family Home,Level 0,"1312 Hendrix, Little Rock, AR, 72204",Pulaski,,Beverly Henderson,(501) 256-4452,beverlyhenderson54@yahoo.com,,10,FALSE,TRUE,FALSE
15768,River City Gymnastics Inc,Child Care Center,Level 0,"5310 South Shackleford Road, Little Rock, AR, 72204",Pulaski,Ola Russenberger,River City Gymnastics Inc.,(501) 407-8000,coachgrady75@gmail.com,,124,FALSE,FALSE,FALSE
13799,Saint Mark's Episcopal Day School,Child Care Center,Level 0,"1000 N Mississippi St, Little Rock, AR, 72207-5982",Pulaski,Beth Davis,St Marks Episocapal Church,(501) 225-2535,stmarksschool@att.net,,115,FALSE,FALSE,FALSE
13115,Immaculate Heart Of Mary Preschool,Child Care Center,Level 0,"7025 Jasna Gora, North Little Rock, AR, 72118",Pulaski,Brenda Hiegel,Immaculate Heart Of Mary Church,(501) 851-2760,principal@ihmnlr.org,,46,FALSE,FALSE,FALSE
12059,Mothers Day Out-Calvary Baptist,Child Care Center,Level 0,"5700 Cantrell Rd, Little Rock, AR, 72207-4402",Pulaski,Linda Draper,Calvary Baptist Church,(501) 663-2636,mdo@cbclr.org,,67,FALSE,FALSE,FALSE
11800,Sherwood Day Camp,Out of School Time,Level 0,"1111 West Maryland Avenue, Sherwood, AR, 72120",Pulaski,Tommy Smith,City Of Sherwood,(501) 835-8909,tommysmith@sherwoodparks.com,,644,FALSE,FALSE,FALSE
11729,North Little Rock Catholic Academy,Child Care Center,Level 0,"1518 Parker Street, North Little Rock, AR, 72114",Pulaski,Denise Troutman,Bishop Anthony Taylor,(501) 374-5237,sharpmelody6@gmail.com,,52,FALSE,FALSE,FALSE
11156,Geyer Springs First Baptist Pre school,Child Care Center,Level 0,"12400 I-30, Little Rock, AR, 72210-7032",Pulaski,Tonja Nelson-Atkeison,Geyer Springs 1st Baptist,(501) 455-5911,tatkeison@gsfbc.org,,106,FALSE,FALSE,FALSE
10701,St Theresas School,Child Care Center,Level 0,"6311 Baseline Road, Little Rock, AR, 72209",Pulaski,Kristy Dunn,St Theresas Church,(501) 565-3855,kdunn@stslr.org,schooloffice@stslr.org,50,FALSE,FALSE,FALSE
10474,The Baptist Preparatory School,Child Care Center,Level 0,"62 Pleasant Valley Drive, Little Rock, AR, 72212",Pulaski,TKaye Thompson,AR Baptist School System,(501) 725-4447,tthompson@baptistprep.org,,302,FALSE,FALSE,FALSE
7959,Central Arkansas Christian,Child Care Center,Level 0,"10900 N Rodney Parham Rd, Little Rock, AR, 72212",Pulaski,Gay Passafiume,Central Arkansas Christian Schools Inc.,(501) 227-4963,gpassafiume@cacmustangs.org,,288,FALSE,FALSE,FALSE
7011,Immaculate Conception Preschool,Child Care Center,Level 0,"7000 John F Kennedy Boulvard, North Little Rock, AR, 72116",Pulaski,Robin Bearden,Immaculate Conception Church-school,(501) 835-0771,nschafer@icsnlr.org,www.icsnlr.org,91,FALSE,FALSE,FALSE
6619,JFK Early Learning Center Inc,Child Care Center,Level 0,"6201 John F Kennedy Blvd, North Little Rock, AR, 72116-5768",Pulaski,Kristan Gateley,JFK Early Learning Center,(501) 834-4324,ggateley3@att.net,,121,FALSE,FALSE,FALSE
949,Lake Nixon Day Camp,Out of School Time,Level 0,"18500 Cooper Orbit Rd, Little Rock, AR, 72210-2200",Pulaski,Mandy Reid,Second Baptist Church,(501) 744-8878,lakenixondaycamp@2bclr.com,www.lakenixon.com,382,FALSE,FALSE,FALSE
97,The Anthony School,Child Care Center,Level 0,"7700 Ohio St, Little Rock, AR, 72227-4039",Pulaski,Leah Bushey,The Anthony School Inc,(501) 225-3289,leahb@anthonyschool.org,,141,FALSE,FALSE,FALSE
65,Abundant Life Mother's Day Out and Day Camp,Child Care Center,Level 0,"RUTH YORK, 9008 AR-107, Sherwood, AR, 72120-2934",Pulaski,Katelyn Bridges,Sylvan Hills 1st Baptist Church,(501) 835-2204,kbridges@sylvanhillsfbc.com,sylvanhillsfbc.com,254,FALSE,FALSE,FALSE
